probeset_id	affy_snp_id	CR	FLD	HomFLD	HetSO	HomRO	nMinorAllele	Nclus	n_AA	n_AB	n_BB	n_NC	hemizygous	HomHet	ConversionType	BestProbeset
AX-89778337	Affx-88815038	100	NA	NA	NA	3.22449	0	1	470	0	0	0	0	0	MonoHighResolution	1
AX-89778338	Affx-88815062	98.936170212766	5.21019784559465	NA	0.603227082281119	3.82654	223	2	242	223	0	5	0	1	NoMinorHom	1
AX-89778339	Affx-88815064	100	NA	NA	NA	2.29143	0	1	0	0	470	0	0	0	MonoHighResolution	1
AX-89778340	Affx-88815084	100	NA	NA	NA	1.903	0	1	0	0	470	0	0	0	MonoHighResolution	1
AX-89778341	Affx-88815093	99.5744680851064	5.42564900338869	NA	0.251474804443259	1.53819	64	2	0	64	404	2	0	1	NoMinorHom	1
AX-89778342	Affx-88809781	99.5744680851064	NA	NA	NA	1.57432	0	1	468	0	0	2	0	0	MonoHighResolution	1
AX-89778343	Affx-88815100	100	14.8246020076491	30.5112195493275	0.53002372032217	1.7099	388	3	77	234	159	0	0	0	PolyHighResolution	1
AX-89778344	Affx-88815107	100	9.86789388647957	NA	0.414037930306922	2.67057	179	2	291	179	0	0	0	1	NoMinorHom	1
AX-89778345	Affx-88815108	100	NA	NA	NA	1.82789	0	1	470	0	0	0	0	0	MonoHighResolution	1
AX-89778346	Affx-88815115	100	NA	NA	NA	2.6466	0	1	0	0	470	0	0	0	MonoHighResolution	1
AX-89778347	Affx-88815123	99.7872340425532	NA	NA	NA	3.04249	0	1	469	0	0	1	0	0	MonoHighResolution	1
AX-89778348	Affx-88815133	100	NA	NA	NA	2.99525	0	1	470	0	0	0	0	0	MonoHighResolution	1
AX-89778349	Affx-88815134	99.5744680851064	5.67604271400662	NA	0.216238856685885	2.54226	88	2	0	88	380	2	0	1	NoMinorHom	1
AX-89778350	Affx-88815144	99.5744680851064	16.2595976728707	34.4633951092703	0.590805134326976	2.15327	309	3	35	239	194	2	0	0	PolyHighResolution	1
AX-89778351	Affx-88815147	99.7872340425532	4.56627299889739	11.1713706603851	0.0675850015313717	-0.302782	184	3	330	94	45	1	0	0	PolyHighResolution	1
AX-89778352	Affx-88815155	77.4468085106383	3.91462890511091	7.96118908516905	0.0248851166364883	0.0120274	303	3	91	121	152	106	0	0	Other	1
AX-89778353	Affx-88815162	100	NA	NA	NA	1.22706	0	1	0	0	470	0	0	0	MonoHighResolution	1
AX-89778354	Affx-88815165	99.3617021276596	6.5859561154618	NA	0.350412480143888	2.7666	158	2	0	158	309	3	0	1	NoMinorHom	1
AX-89778355	Affx-88815171	96.1702127659574	4.68013597291371	NA	0.409261113159774	3.4783	269	2	183	269	0	18	0	1	Other	1
AX-89778356	Affx-88815172	95.1063829787234	4.03405909789012	NA	-0.0602998869334836	-0.401478	182	2	265	182	0	23	0	1	Other	1
AX-89778357	Affx-88815176	83.4042553191489	3.41127651776531	13.5371550885644	-0.367228158356815	0.327276	287	3	53	181	158	78	0	0	Other	1
AX-89778358	Affx-88815179	100	8.41611771005428	NA	0.497651765809023	2.5501	86	2	0	86	384	0	0	1	NoMinorHom	1
AX-89778359	Affx-88815181	95.3191489361702	4.49535599882038	13.4184938050869	0.08738265763653	0.336766	383	3	144	225	79	22	0	0	CallRateBelowThreshold	1
AX-89778360	Affx-88815189	94.8936170212766	4.32592570126527	9.30805395610593	0.033516048403488	-0.215572	288	3	28	232	186	24	0	0	CallRateBelowThreshold	1
AX-89778361	Affx-88815191	100	6.05874653993184	NA	0.36322945813224	2.17866	160	2	0	160	310	0	0	1	NoMinorHom	1
AX-89778362	Affx-88815193	100	NA	NA	NA	3.33198	0	1	0	0	470	0	0	0	MonoHighResolution	1
AX-89778363	Affx-88815195	99.7872340425532	8.64696784464719	NA	0.415721297886988	2.63338	63	2	406	63	0	1	0	1	NoMinorHom	1
AX-89778364	Affx-88815197	99.3617021276596	6.0088188224252	NA	0.145418357295807	0.886652	136	2	0	136	331	3	0	1	NoMinorHom	1
AX-89778365	Affx-88815200	99.3617021276596	4.75880096665309	12.1783904932348	0.203075352546044	-0.405782	200	3	311	112	44	3	0	0	PolyHighResolution	1
AX-89778366	Affx-88815209	98.2978723404255	4.30929689474093	11.9803102436829	0.0298016674663941	-0.604787	213	3	35	143	284	8	0	0	PolyHighResolution	1
AX-89778367	Affx-88815211	99.7872340425532	5.58929139960782	NA	-0.180728084496943	-0.556168	169	2	300	169	0	1	0	1	NoMinorHom	1
AX-89778368	Affx-88815212	96.3829787234042	4.83772310400203	NA	0.239568625271561	1.19835	60	2	0	60	393	17	0	1	Other	1
AX-89778369	Affx-88815215	99.5744680851064	NA	NA	NA	1.23624	0	1	0	0	468	2	0	0	MonoHighResolution	1
AX-89778370	Affx-88815225	82.7659574468085	3.4997815426769	NA	0.281121288284169	1.8945	92	2	0	92	297	81	0	1	Other	1
AX-89778371	Affx-88815228	99.3617021276596	6.72494511161746	NA	0.3552063177956	3.08649	183	2	284	183	0	3	0	1	NoMinorHom	1
AX-89778372	Affx-88815232	99.7872340425532	5.44685299280214	NA	0.312117191658405	3.0301	84	2	0	84	385	1	0	1	NoMinorHom	1
AX-89778373	Affx-88815234	98.7234042553192	5.14637403322171	12.8220554887761	0.0434113393099071	-1.29291	456	3	111	234	119	6	0	0	PolyHighResolution	1
AX-89778374	Affx-88815238	99.7872340425532	NA	NA	NA	2.48472	0	1	0	0	469	1	0	0	MonoHighResolution	1
AX-89778375	Affx-88815245	100	NA	NA	NA	0.738865	0	1	0	0	470	0	0	0	MonoHighResolution	1
AX-89778376	Affx-88815247	99.7872340425532	14.8530705300378	30.6944147864405	0.896707866229537	2.8793	465	3	115	235	119	1	0	0	PolyHighResolution	1
AX-89778377	Affx-88809202	82.7659574468085	3.54453075970247	NA	-0.0496969327283932	2.14244	76	2	313	76	0	81	0	1	Other	1
AX-89778378	Affx-88809203	99.7872340425532	8.09011404485723	NA	0.529604996697218	2.63568	164	2	0	164	305	1	0	1	NoMinorHom	1
AX-89778379	Affx-88815255	99.5744680851064	6.99143770348814	NA	0.503375661564325	2.67866	75	2	0	75	393	2	0	1	NoMinorHom	1
AX-89778380	Affx-88815256	97.4468085106383	4.637310106975	11.0063942845232	0.0921019484539443	-0.325062	287	3	24	239	195	12	0	0	PolyHighResolution	1
AX-89778381	Affx-88815258	99.7872340425532	5.50749076748033	13.8722576230792	0.0555675281287975	-0.542675	205	3	29	147	293	1	0	0	PolyHighResolution	1
AX-89778382	Affx-88815260	98.5106382978723	3.97276610704411	NA	-0.222456720007401	-1.58091	111	2	0	111	352	7	0	1	Other	1
AX-89778383	Affx-88815262	100	NA	NA	NA	1.20008	0	1	470	0	0	0	0	0	MonoHighResolution	1
AX-89778384	Affx-88815265	98.2978723404255	4.58850788181065	14.667997493637	0.135634609225987	0.466901	217	3	37	143	282	8	0	0	PolyHighResolution	1
AX-89778385	Affx-88815268	100	8.15444910121317	NA	0.259730381291824	1.32127	93	2	377	93	0	0	0	1	NoMinorHom	1
AX-89778386	Affx-88815269	95.1063829787234	4.83179194388624	NA	0.147406956798459	-0.967376	168	2	0	168	279	23	0	1	Other	1
AX-89778387	Affx-88815279	99.7872340425532	4.76261038608614	11.9559936117588	0.0674508383834631	-1.16808	225	3	282	149	38	1	0	0	PolyHighResolution	1
AX-89778388	Affx-88815285	100	NA	NA	NA	2.14688	0	1	470	0	0	0	0	0	MonoHighResolution	1
AX-89778389	Affx-88815286	97.4468085106383	4.48027021961219	11.8045610709724	0.0452201754969206	-0.652318	390	3	46	298	114	12	0	0	PolyHighResolution	1
AX-89778390	Affx-88815287	99.7872340425532	NA	NA	NA	1.01965	0	1	469	0	0	1	0	0	MonoHighResolution	1
AX-89778391	Affx-88815289	100	NA	NA	NA	0.383295	0	1	0	0	470	0	0	0	MonoHighResolution	1
AX-89778392	Affx-88815296	95.1063829787234	4.26472597201647	NA	0.106191724166386	1.41677	74	2	0	74	373	23	0	1	Other	1
AX-89778393	Affx-88815299	99.5744680851064	NA	16.3264142493184	NA	-0.0362568	320	2	308	0	160	2	0	0	PolyHighResolution	1
AX-89778394	Affx-88815302	97.4468085106383	3.85166872870621	9.07922757221575	0.0555594853187333	-1.16174	212	3	33	146	279	12	0	0	Other	1
AX-89778395	Affx-88815310	97.4468085106383	4.77284107281532	12.8644994588711	0.0850612720354427	-0.238924	203	3	27	149	282	12	0	0	PolyHighResolution	1
AX-89778396	Affx-88815311	99.5744680851064	6.03770690143998	NA	0.3550923265914	3.26983	74	2	0	74	394	2	0	1	NoMinorHom	1
AX-89778397	Affx-88815315	96.8085106382979	5.42422564758809	14.8162338603015	0.561355614227017	2.45151	346	3	57	232	166	15	0	0	CallRateBelowThreshold	1
AX-89778398	Affx-88815317	87.2340425531915	4.12553108315467	NA	0.00589284528976286	1.06357	140	2	270	140	0	60	0	1	Other	1
AX-89778399	Affx-88815326	100	NA	NA	NA	2.3226	0	1	470	0	0	0	0	0	MonoHighResolution	1
AX-89778400	Affx-88815334	98.0851063829787	4.50143464247536	11.9262890642378	0.0791786860347141	-0.558016	303	3	34	235	192	9	0	0	PolyHighResolution	1
AX-89778401	Affx-88815335	100	NA	NA	NA	0.5934	0	1	0	0	470	0	0	0	MonoHighResolution	1
AX-89778402	Affx-88815342	76.3829787234043	2.63145908061742	NA	0.0810156260201378	2.00325	1	2	0	1	358	111	0	1	Other	1
AX-89778403	Affx-88815343	94.2553191489362	4.78619523241909	9.66900779259661	0.0847868170598112	-1.57374	324	3	163	236	44	27	0	0	CallRateBelowThreshold	1
AX-89778404	Affx-88815346	100	NA	NA	NA	2.4998	0	1	0	0	470	0	0	0	MonoHighResolution	1
AX-89778405	Affx-88815353	95.1063829787234	4.06308334203754	9.55088281245693	0.0938005896283283	-0.656085	291	3	79	133	235	23	0	0	Other	1
AX-89778406	Affx-88815356	100	8.18353787967243	NA	0.360019496169116	2.50263	79	2	0	79	391	0	0	1	NoMinorHom	1
AX-89778407	Affx-88815359	99.5744680851064	13.1981331944633	27.6426680643914	0.621997760039523	1.99603	238	3	264	170	34	2	0	0	PolyHighResolution	1
AX-89778408	Affx-88815373	100	NA	NA	NA	1.33128	0	1	0	0	470	0	0	0	MonoHighResolution	1
AX-89778409	Affx-88815375	99.7872340425532	6.03193157409349	NA	0.435642361048577	3.21092	220	2	249	220	0	1	0	1	NoMinorHom	1
AX-89778410	Affx-88815377	99.7872340425532	7.03093829322373	NA	0.404764496202572	1.88328	177	2	0	177	292	1	0	1	NoMinorHom	1
AX-89778411	Affx-88815392	98.7234042553192	5.53766950950591	16.6036359436644	0.118446485129985	-0.0757565	398	3	143	244	77	6	0	0	PolyHighResolution	1
AX-89778412	Affx-88815396	88.2978723404255	4.46642258830403	NA	0.0995868729268743	0.545048	151	2	0	151	264	55	0	1	Other	1
AX-89778413	Affx-88815401	100	NA	NA	NA	0.854228	0	1	0	0	470	0	0	0	MonoHighResolution	1
AX-89778414	Affx-88815402	95.3191489361702	4.25343619801648	NA	0.4383630913281	2.13659	97	2	0	97	351	22	0	1	Other	1
AX-89778415	Affx-88809787	100	NA	NA	NA	1.55385	0	1	0	0	470	0	0	0	MonoHighResolution	1
AX-89778416	Affx-88809788	90.6382978723404	4.18581144269563	8.37162846647319	0.0937400868266085	-0.329679	338	3	67	204	155	44	0	0	CallRateBelowThreshold	1
AX-89778417	Affx-88815413	99.7872340425532	8.66162148993065	NA	0.390247265646659	2.77168	177	2	292	177	0	1	0	1	NoMinorHom	1
AX-89778418	Affx-88815415	77.0212765957447	3.18479559257033	8.69795602302246	0.108774723968116	-0.611164	351	3	91	191	80	108	0	0	Other	1
AX-89778419	Affx-88809790	100	6.02442794735942	13.8602824170439	0.397322874293533	1.25747	403	3	98	207	165	0	0	0	PolyHighResolution	1
AX-89778420	Affx-88809791	100	NA	NA	NA	1.94211	0	1	0	0	470	0	0	0	MonoHighResolution	1
AX-89778421	Affx-88815421	90.6382978723404	3.46954671005456	NA	0.233255624105796	1.42327	60	2	0	60	366	44	0	1	Other	1
AX-89778422	Affx-88815422	81.063829787234	3.18949456608535	10.8392633865729	0.0249628667383348	-0.29481	61	3	7	47	327	89	0	0	Other	1
AX-89778423	Affx-88815425	98.2978723404255	4.0793603695276	NA	-0.121453942117714	-0.801289	10	2	0	10	452	8	0	1	Other	1
AX-89778424	Affx-88815426	95.531914893617	4.23354550692098	12.0713813408858	0.0778125607087272	0.0312128	129	3	34	61	354	21	0	0	CallRateBelowThreshold	1
AX-89778425	Affx-88815429	100	6.91428862906344	NA	0.33652635816278	1.75741	88	2	0	88	382	0	0	1	NoMinorHom	1
AX-89778426	Affx-88815432	83.1914893617021	3.8003167670707	8.15030121715247	-0.0288700980927317	-0.712412	245	3	30	185	176	79	0	0	Other	1
AX-89778427	Affx-88815434	95.1063829787234	3.91690571884892	8.18251005241265	-0.0220300756717009	-0.205032	75	3	13	49	385	23	0	0	Other	1
AX-89778428	Affx-88815435	79.3617021276596	3.57226300695729	NA	-0.254829459932212	-0.193455	133	2	240	133	0	97	0	1	Other	1
AX-89778429	Affx-88815457	95.7446808510638	4.78504261781006	11.6923019562612	0.105692492093322	-0.939302	348	3	59	230	161	20	0	0	CallRateBelowThreshold	1
AX-89778430	Affx-88815462	99.5744680851064	NA	NA	NA	2.13308	0	1	468	0	0	2	0	0	MonoHighResolution	1
AX-89778431	Affx-88815467	99.5744680851064	7.36439019520906	NA	0.47623203196396	3.10902	221	2	247	221	0	2	0	1	NoMinorHom	1
AX-89778432	Affx-88815468	98.7234042553192	5.91226038274892	13.2046236481498	0.120905745003352	0.508173	379	3	73	233	158	6	0	0	PolyHighResolution	1
AX-89778433	Affx-88815471	93.8297872340426	3.14138581808718	NA	0.476978708767794	-0.123379	86	2	355	86	0	29	0	1	Other	1
AX-89778434	Affx-88815473	93.8297872340426	4.07386205441004	NA	-0.164328863252045	1.13689	28	2	0	28	413	29	0	1	Other	1
AX-89778435	Affx-88815479	90.4255319148936	3.55566440167456	13.3037920797348	0.0676583937825637	-0.21371	326	3	88	150	187	45	0	0	Other	1
AX-89778436	Affx-88815487	99.7872340425532	NA	NA	NA	3.15059	0	1	0	0	469	1	0	0	MonoHighResolution	1
AX-89778437	Affx-88815488	99.1489361702128	6.07865190262156	NA	0.205404785174776	1.77213	86	2	0	86	380	4	0	1	NoMinorHom	1
AX-89778438	Affx-88815490	78.5106382978723	3.36429439623623	NA	0.182242888504868	2.44654	236	2	133	236	0	101	0	1	Other	1
AX-89778439	Affx-88815493	91.2765957446809	3.43335213688021	9.07943891276355	0.129567220942626	-0.0781033	338	3	159	202	68	41	0	0	Other	1
AX-89778440	Affx-88815495	100	7.47961740566002	NA	0.655133954980986	3.85293	89	2	381	89	0	0	0	1	NoMinorHom	1
AX-89778441	Affx-88815501	91.7021276595745	4.01123435238582	NA	0.106619003799473	1.90809	64	2	367	64	0	39	0	1	Other	1
AX-89778442	Affx-88815506	100	NA	NA	NA	0.581783	0	1	470	0	0	0	0	0	MonoHighResolution	1
AX-89778443	Affx-88809796	99.7872340425532	NA	NA	NA	1.40917	0	1	0	0	469	1	0	0	MonoHighResolution	1
AX-89778444	Affx-88815510	99.7872340425532	NA	NA	NA	2.85053	0	1	469	0	0	1	0	0	MonoHighResolution	1
AX-89778445	Affx-88815513	89.5744680851064	4.30307095800946	11.3666762514223	0.0609441703930624	-0.728163	288	3	34	220	167	49	0	0	CallRateBelowThreshold	1
AX-89778446	Affx-88815514	97.2340425531915	4.72847235897011	NA	0.191209665376217	1.65353	217	2	0	217	240	13	0	1	NoMinorHom	1
AX-89778447	Affx-88815515	100	NA	NA	NA	0.742158	0	1	0	0	470	0	0	0	MonoHighResolution	1
AX-89778448	Affx-88815517	100	NA	NA	NA	0.73819	0	1	0	0	470	0	0	0	MonoHighResolution	1
AX-89778449	Affx-88815525	99.5744680851064	5.04993569136034	13.4026288182894	0.0883011038481722	-0.757533	384	3	199	154	115	2	0	0	PolyHighResolution	1
AX-89778450	Affx-88815526	97.4468085106383	5.06088313215259	11.3638419418189	0.0905017802110368	-1.10712	351	3	164	237	57	12	0	0	PolyHighResolution	1
AX-89778451	Affx-88815534	99.7872340425532	NA	NA	NA	2.12833	0	1	469	0	0	1	0	0	MonoHighResolution	1
AX-89778452	Affx-88815538	100	13.2565004729488	30.7936147386832	0.604116240672898	2.80952	388	3	77	234	159	0	0	0	PolyHighResolution	1
AX-89778453	Affx-88815539	97.0212765957447	5.41863520567642	11.0619942740935	0.224484372727876	1.29535	363	3	64	235	157	14	0	0	PolyHighResolution	1
AX-89778454	Affx-88815544	99.7872340425532	7.96490448225307	NA	0.486911970787954	2.10898	222	2	0	222	247	1	0	1	NoMinorHom	1
AX-89778455	Affx-88815550	100	7.62037731021366	NA	0.409118646077184	2.73961	177	2	293	177	0	0	0	1	NoMinorHom	1
AX-89778456	Affx-88815552	99.7872340425532	6.48493776512455	NA	0.341443680465717	1.98295	178	2	0	178	291	1	0	1	NoMinorHom	1
AX-89778457	Affx-88815554	84.6808510638298	3.85367582909697	NA	0.020796158790187	1.51715	160	2	0	160	238	72	0	1	Other	1
AX-89778458	Affx-88815557	98.7234042553192	NA	NA	NA	0.42298	0	1	0	0	464	6	0	0	MonoHighResolution	1
AX-89778459	Affx-88815558	100	NA	NA	NA	0.573745	0	1	0	0	470	0	0	0	MonoHighResolution	1
AX-89778460	Affx-88815562	100	NA	NA	NA	3.19037	0	1	0	0	470	0	0	0	MonoHighResolution	1
AX-89778461	Affx-88815566	99.7872340425532	8.22472639118499	NA	0.916598635197492	2.36278	1	2	0	1	468	1	0	1	NoMinorHom	1
AX-89778462	Affx-88815568	99.7872340425532	NA	NA	NA	1.78738	0	1	0	0	469	1	0	0	MonoHighResolution	1
AX-89778463	Affx-88815581	100	7.54274284112328	NA	0.5000190233496	2.35722	2	2	0	2	468	0	0	1	NoMinorHom	1
AX-89778464	Affx-88815601	100	NA	NA	NA	0.421468	0	1	0	0	470	0	0	0	MonoHighResolution	1
AX-89778465	Affx-88815604	95.531914893617	3.92864046991197	11.0369653905519	0.0559313267078636	-1.32461	293	3	38	217	194	21	0	0	Other	1
AX-89778466	Affx-88815607	100	NA	NA	NA	0.846898	0	1	470	0	0	0	0	0	MonoHighResolution	1
AX-89778467	Affx-88815608	98.5106382978723	5.15655516091155	NA	0.372103767656094	2.92922	143	2	320	143	0	7	0	1	NoMinorHom	1
AX-89778468	Affx-88815609	100	NA	NA	NA	3.11163	0	1	470	0	0	0	0	0	MonoHighResolution	1
AX-89778469	Affx-88815611	99.7872340425532	7.78284965991447	27.1181844566815	0.42552994439257	2.123	388	3	77	234	158	1	0	0	PolyHighResolution	1
AX-89778470	Affx-88815612	98.936170212766	5.75026727174468	NA	0.259668157570438	0.542187	136	2	0	136	329	5	0	1	NoMinorHom	1
AX-89778471	Affx-88815615	100	5.8411062267745	NA	0.632957041574372	1.33637	1	2	0	1	469	0	0	1	NoMinorHom	1
AX-89778472	Affx-88815619	100	NA	NA	NA	2.8514	0	1	0	0	470	0	0	0	MonoHighResolution	1
AX-89778473	Affx-88815622	99.7872340425532	7.21492024636132	NA	0.500072589782983	3.40379	221	2	248	221	0	1	0	1	NoMinorHom	1
AX-89778474	Affx-88815627	99.5744680851064	6.27948543714057	NA	0.241262473100493	3.0063	156	2	0	156	312	2	0	1	NoMinorHom	1
AX-89778475	Affx-88815628	99.7872340425532	NA	NA	NA	2.7623	0	1	469	0	0	1	0	0	MonoHighResolution	1
AX-89778476	Affx-88815630	87.8723404255319	4.43690676668168	NA	0.242058603818249	2.41137	91	2	0	91	322	57	0	1	Other	1
AX-89778477	Affx-88815631	94.2553191489362	3.22966283887178	8.50604423530721	0.0431264672069513	-1.06059	225	3	255	151	37	27	0	0	Other	1
AX-89778478	Affx-88815634	100	6.72656767758063	NA	0.329717715785264	2.51579	221	2	249	221	0	0	0	1	NoMinorHom	1
AX-89778479	Affx-88815636	100	NA	NA	NA	1.48321	0	1	0	0	470	0	0	0	MonoHighResolution	1
AX-89778480	Affx-88815637	100	NA	NA	NA	2.91597	0	1	470	0	0	0	0	0	MonoHighResolution	1
AX-89778481	Affx-88815641	95.9574468085106	4.12884183444198	NA	0.214971557669156	1.19479	55	2	0	55	396	19	0	1	Other	1
AX-89778482	Affx-88815648	100	9.05002539205154	NA	0.447113322422735	2.81433	144	2	326	144	0	0	0	1	NoMinorHom	1
AX-89778483	Affx-88815651	100	8.1411235875388	NA	0.46882235249517	3.09999	64	2	406	64	0	0	0	1	NoMinorHom	1
AX-89778484	Affx-88815655	100	NA	NA	NA	1.42647	0	1	0	0	470	0	0	0	MonoHighResolution	1
AX-89778485	Affx-88815657	77.2340425531915	3.14904587657586	NA	-0.126721276677046	0.291216	35	2	328	35	0	107	0	1	Other	1
AX-89778486	Affx-88815658	100	NA	NA	NA	1.50574	0	1	470	0	0	0	0	0	MonoHighResolution	1
AX-89778487	Affx-88809801	71.4893617021277	3.68469186992225	NA	0.32234612910519	0.201276	105	2	0	105	231	134	0	1	Other	1
AX-89778488	Affx-88815661	63.8297872340426	2.41822739841398	6.16709419756381	-0.140250692571748	0.378516	135	3	205	55	40	170	0	0	Other	1
AX-89778489	Affx-88815663	98.7234042553192	4.07656686185317	12.4729565103163	0.0660485982212542	-0.670077	227	3	276	149	39	6	0	0	Other	1
AX-89778490	Affx-88815671	100	NA	NA	NA	1.41284	0	1	0	0	470	0	0	0	MonoHighResolution	1
AX-89778491	Affx-88815678	100	7.5989577505932	NA	0.483468223988796	1.669	68	2	0	68	402	0	0	1	NoMinorHom	1
AX-89778492	Affx-88815685	99.5744680851064	5.59088438017885	NA	0.233917284549733	2.63224	156	2	312	156	0	2	0	1	NoMinorHom	1
AX-89778493	Affx-88815686	98.0851063829787	4.86145708335469	12.2001237415575	0.113473161977677	0.0164511	301	3	31	239	191	9	0	0	PolyHighResolution	1
AX-89778494	Affx-88815689	98.7234042553192	5.48620824593977	NA	0.244501915340106	1.56075	62	2	0	62	402	6	0	1	NoMinorHom	1
AX-89778495	Affx-88815690	99.7872340425532	5.34775492370145	12.7652126414926	0.109480282804563	0.189696	151	3	43	65	361	1	0	0	PolyHighResolution	1
AX-89778496	Affx-88815696	87.8723404255319	3.73552950363526	NA	0.143180648851917	2.4484	150	2	263	150	0	57	0	1	Other	1
AX-89778497	Affx-88815697	94.6808510638298	3.9042848831245	9.61985798038665	0.098987118669335	-0.536563	309	3	169	243	33	25	0	0	Other	1
AX-89778498	Affx-88815699	98.5106382978723	4.74495786220793	NA	0.292886196975701	2.34232	221	2	242	221	0	7	0	1	NoMinorHom	1
AX-89778499	Affx-88815700	96.1702127659574	4.09361767498465	11.2448879389039	0.0450215291345195	-0.931255	272	3	17	238	197	18	0	0	Other	1
AX-89778500	Affx-88815703	99.1489361702128	5.63111894470333	NA	0.26837563493161	1.38113	88	2	0	88	378	4	0	1	NoMinorHom	1
AX-89778501	Affx-88815704	95.3191489361702	4.21406840009496	9.74303851617688	0.00312203134911826	-1.00026	266	3	15	236	197	22	0	0	CallRateBelowThreshold	1
AX-89778502	Affx-88815705	99.7872340425532	NA	NA	NA	2.29473	0	1	0	0	469	1	0	0	MonoHighResolution	1
AX-89778503	Affx-88815707	99.7872340425532	NA	NA	NA	2.42767	0	1	469	0	0	1	0	0	MonoHighResolution	1
AX-89778504	Affx-88815715	99.3617021276596	9.33070248408061	NA	0.687270461242237	3.17014	1	2	0	1	466	3	0	1	NoMinorHom	1
AX-89778505	Affx-88815718	100	9.86918910048215	NA	0.487668805161494	1.5965	76	2	0	76	394	0	0	1	NoMinorHom	1
AX-89778506	Affx-88815734	99.5744680851064	6.67228187024032	NA	0.326854471469217	2.16679	154	2	314	154	0	2	0	1	NoMinorHom	1
AX-89778507	Affx-88815739	93.4042553191489	4.27810262882644	11.0016203660788	0.1472576426185	-0.252868	328	3	157	236	46	31	0	0	CallRateBelowThreshold	1
AX-89778508	Affx-88815740	73.1914893617021	3.15149975219506	9.10205233229837	0.0609108499975068	0.156454	267	3	129	163	52	126	0	0	Other	1
AX-89778509	Affx-88815742	72.9787234042553	3.30895806590897	7.26554540447764	0.0861172608529301	-1.15519	154	3	49	56	238	127	0	0	Other	1
AX-89778510	Affx-88815745	94.6808510638298	4.07242566991597	13.2900688376309	0.253531376547544	0.90064	353	3	65	223	157	25	0	0	Other	1
AX-89778511	Affx-88815748	100	7.72645561341468	17.1937663214514	0.334224231426481	1.55977	392	3	79	234	157	0	0	0	PolyHighResolution	1
AX-89778512	Affx-88815753	99.7872340425532	5.6836977206451	19.5598803016156	0.128266826947593	0.135125	225	3	81	63	325	1	0	0	PolyHighResolution	1
AX-89778513	Affx-88815761	97.0212765957447	5.25683639041697	11.4332315430198	0.0986010162666915	-0.449174	268	3	214	216	26	14	0	0	PolyHighResolution	1
AX-89778514	Affx-88815763	99.5744680851064	5.77413784623638	NA	0.500529028809099	3.49278	69	2	399	69	0	2	0	1	NoMinorHom	1
AX-89778515	Affx-88815766	95.7446808510638	4.46731782095197	10.5260133782023	0.113136968712688	-1.36216	353	3	114	125	211	20	0	0	CallRateBelowThreshold	1
AX-89778516	Affx-88815778	94.8936170212766	3.7606905705586	12.7629935188914	0.0895001743972017	-0.916531	286	3	32	222	192	24	0	0	Other	1
AX-89778517	Affx-88815781	94.468085106383	4.0527457819181	8.5274634546495	0.0507365777617252	-1.73614	285	3	180	243	21	26	0	0	Other	1
AX-89778518	Affx-88815782	100	NA	NA	NA	2.3766	0	1	0	0	470	0	0	0	MonoHighResolution	1
AX-89778519	Affx-88815790	99.7872340425532	10.239050151435	NA	0.662516220746165	2.9204	69	2	0	69	400	1	0	1	NoMinorHom	1
AX-89778520	Affx-88815792	100	NA	NA	NA	1.32047	0	1	0	0	470	0	0	0	MonoHighResolution	1
AX-89778521	Affx-88815803	93.8297872340426	4.53535166587812	9.80227876857067	0.0646626862992221	-0.760009	261	3	25	211	205	29	0	0	CallRateBelowThreshold	1
AX-89778522	Affx-88815804	97.4468085106383	4.67151463868173	10.3097961174955	0.111737531627368	0.230942	374	3	27	320	111	12	0	0	PolyHighResolution	1
AX-89778523	Affx-88815808	97.4468085106383	4.47395446702902	NA	0.403021575852865	3.36422	64	2	394	64	0	12	0	1	NoMinorHom	1
AX-89778524	Affx-88815810	100	NA	NA	NA	1.61395	0	1	0	0	470	0	0	0	MonoHighResolution	1
AX-89778525	Affx-88815812	100	NA	NA	NA	0.500294	0	1	470	0	0	0	0	0	MonoHighResolution	1
AX-89778526	Affx-88815820	99.7872340425532	NA	NA	NA	2.51638	0	1	0	0	469	1	0	0	MonoHighResolution	1
AX-89778527	Affx-88815823	100	NA	NA	NA	1.47594	0	1	470	0	0	0	0	0	MonoHighResolution	1
AX-89778528	Affx-88815824	100	NA	NA	NA	1.96603	0	1	470	0	0	0	0	0	MonoHighResolution	1
AX-89778529	Affx-88815832	88.5106382978723	3.23111418687373	6.93296724555697	0.114242969066041	-0.145123	240	3	1	238	177	54	0	0	Other	1
AX-89778530	Affx-88815833	100	7.08942538203787	NA	0.338159403542974	1.99757	144	2	0	144	326	0	0	1	NoMinorHom	1
AX-89778531	Affx-88815834	100	NA	NA	NA	0.781837	0	1	470	0	0	0	0	0	MonoHighResolution	1
AX-89778532	Affx-88815837	100	6.82781164444776	NA	0.369105104917908	2.73565	179	2	291	179	0	0	0	1	NoMinorHom	1
AX-89778533	Affx-88815841	92.5531914893617	4.87637429497851	10.0180363552686	0.0307753648554456	-0.191338	398	3	79	240	116	35	0	0	CallRateBelowThreshold	1
AX-89778534	Affx-88815842	95.9574468085106	3.94012196248502	NA	-0.272622501739542	-1.64093	105	2	0	105	346	19	0	1	Other	1
AX-89778535	Affx-88815843	99.7872340425532	NA	NA	NA	2.78986	0	1	469	0	0	1	0	0	MonoHighResolution	1
